id,name,alias,category,lead,rpm_repo,rpm_pkg,rpm_pg,deb_repo,deb_pkg,deb_pg
1000,timescaledb,timescaledb,TIME,t,TIMESCALE,timescaledb-2-postgresql-$v*,"{17,16,15,14,13,12}",TIMESCALE,timescaledb-2-postgresql-$v,"{17,16,15,14,13,12}"
1010,timescaledb_toolkit,timescaledb_toolkit,TIME,t,TIMESCALE,timescaledb-toolkit-postgresql-$v,"{16,15,14,13,12}",TIMESCALE,timescaledb-toolkit-postgresql-$v,"{16,15,14,13,12}"
1020,timeseries,pg_timeseries,TIME,t,PIGSTY,pg_timeseries_$v,"{16,15,14,13}",PIGSTY,postgresql-$v-pg-timeseries,"{16,15,14,13,12}"
1030,periods,periods,TIME,t,PGDG,periods_$v*,"{17,16,15,14,13,12}",PGDG,postgresql-$v-periods,"{17,16,15,14,13,12}"
1040,temporal_tables,temporal_tables,TIME,t,PIGSTY,temporal_tables_$v*,"{17,16,15,14,13,12}",PIGSTY,postgresql-$v-temporal-tables,"{17,16,15,14,13,12}"
1050,emaj,emaj,TIME,t,PGDG,e-maj_$v*,"{17,16,15,14,13,12}",PIGSTY,postgresql-$v-emaj,"{17,16,15,14,13,12}"
1060,table_version,table_version,TIME,t,PIGSTY,table_version_$v*,"{17,16,15,14,13,12}",PIGSTY,postgresql-$v-tableversion,"{17,16,15,14,13,12}"
1070,pg_cron,pg_cron,TIME,t,PGDG,pg_cron_$v*,"{17,16,15,14,13,12}",PGDG,postgresql-$v-cron,"{17,16,15,14,13,12}"
1080,pg_later,pg_later,TIME,t,PIGSTY,pg_later_$v,"{17,16,15,14,13}",PIGSTY,postgresql-$v-pg-later,"{17,16,15,14,13}"
1090,pg_background,pg_background,TIME,t,PGDG,pg_background_$v*,"{17,16,15,14,13,12}",PIGSTY,postgresql-$v-pg-background,"{17,16,15,14,13,12}"
1100,postgis,postgis,GIS,t,PGDG,postgis35_$v*,"{17,16,15,14,13,12}",PGDG,postgresql-$v-postgis-3 postgresql-$v-postgis-3-scripts,"{17,16,15,14,13,12}"
1101,postgis_topology,postgis,GIS,f,PGDG,postgis35_$v*,"{17,16,15,14,13,12}",PGDG,postgresql-$v-postgis-3 postgresql-$v-postgis-3-scripts,"{17,16,15,14,13,12}"
1102,postgis_raster,postgis,GIS,f,PGDG,postgis35_$v*,"{17,16,15,14,13,12}",PGDG,postgresql-$v-postgis-3 postgresql-$v-postgis-3-scripts,"{17,16,15,14,13,12}"
1103,postgis_sfcgal,postgis,GIS,f,PGDG,postgis35_$v*,"{17,16,15,14,13,12}",PGDG,postgresql-$v-postgis-3 postgresql-$v-postgis-3-scripts,"{17,16,15,14,13,12}"
1104,postgis_tiger_geocoder,postgis,GIS,f,PGDG,postgis35_$v*,"{17,16,15,14,13,12}",PGDG,postgresql-$v-postgis-3 postgresql-$v-postgis-3-scripts,"{17,16,15,14,13,12}"
1105,address_standardizer,postgis,GIS,f,PGDG,postgis35_$v*,"{17,16,15,14,13,12}",PGDG,postgresql-$v-postgis-3 postgresql-$v-postgis-3-scripts,"{17,16,15,14,13,12}"
1106,address_standardizer_data_us,postgis,GIS,f,PGDG,postgis35_$v*,"{17,16,15,14,13,12}",PGDG,postgresql-$v-postgis-3 postgresql-$v-postgis-3-scripts,"{17,16,15,14,13,12}"
1110,pgrouting,pgrouting,GIS,t,PGDG,pgrouting_$v*,"{17,16,15,14,13,12}",PGDG,postgresql-$v-pgrouting postgresql-$v-pgrouting-scripts,"{17,16,15,14,13,12}"
1120,pointcloud,pointcloud,GIS,t,PIGSTY,pointcloud_$v*,"{17,16,15,14,13,12}",PGDG,postgresql-$v-pointcloud,"{17,16,15,14,13,12}"
1121,pointcloud_postgis,pointcloud,GIS,f,PGDG,pointcloud_$v*,"{17,16,15,14,13,12}",PGDG,postgresql-$v-pointcloud,"{17,16,15,14,13,12}"
1130,h3,pg_h3,GIS,t,PGDG,h3-pg_$v*,"{16,15,14,13,12}",PGDG,postgresql-$v-h3,"{17,16,15,14,13,12}"
1131,h3_postgis,pg_h3,GIS,f,PGDG,h3-pg_$v*,"{16,15,14,13,12}",PGDG,postgresql-$v-h3,"{17,16,15,14,13,12}"
1140,q3c,q3c,GIS,t,PIGSTY,q3c_$v*,"{17,16,15,14,13,12}",PGDG,postgresql-$v-q3c,"{17,16,15,14,13,12}"
1150,ogr_fdw,ogr_fdw,GIS,t,PGDG,ogr_fdw_$v*,"{16,15,14,13,12}",PGDG,postgresql-$v-ogr-fdw,"{17,16,15,14,13,12}"
1155,geoip,geoip,GIS,t,PIGSTY,geoip_$v*,"{17,16,15,14,13,12}",PIGSTY,postgresql-$v-geoip,"{17,16,15,14,13,12}"
1160,pg_polyline,pg_polyline,GIS,t,PIGSTY,pg_polyline_$v,"{17,16,15,14,13,12}",PIGSTY,postgresql-$v-pg-polyline,"{17,16,15,14,13,12}"
1170,pg_geohash,pg_geohash,GIS,t,PIGSTY,pg_geohash_$v*,"{17,16,15,14,13,12}",PIGSTY,postgresql-$v-pg-geohash,"{17,16,15,14,13,12}"
1180,mobilitydb,mobilitydb,GIS,t,,,,PGDG,postgresql-$v-mobilitydb,"{17,16,15,14,13,12}"
1190,earthdistance,earthdistance,GIS,t,CONTRIB,postgresql$v-contrib,"{17,16,15,14,13,12}",CONTRIB,postgresql-$v,"{17,16,15,14,13,12}"
1200,vector,pgvector,RAG,t,PGDG,pgvector_$v*,"{17,16,15,14,13,12}",PGDG,postgresql-$v-pgvector,"{17,16,15,14,13,12}"
1210,vectorscale,pgvectorscale,RAG,t,PIGSTY,pgvectorscale_$v,"{17,16,15,14,13}",PIGSTY,postgresql-$v-pgvectorscale,"{17,16,15,14,13}"
1220,vectorize,pg_vectorize,RAG,t,PIGSTY,pg_vectorize_$v,"{17,16,15,14}",PIGSTY,postgresql-$v-pg-vectorize,"{17,16,15,14}"
1230,pg_similarity,pg_similarity,RAG,t,PIGSTY,pg_similarity_$v*,"{17,16,15,14,13,12}",PGDG,postgresql-$v-similarity,"{17,16,15,14,13,12}"
1240,smlar,smlar,RAG,t,PIGSTY,smlar_$v*,"{17,16,15,14,13}",PIGSTY,postgresql-$v-smlar,"{17,16,15,14,13}"
1250,pg_summarize,pg_summarize,RAG,t,PIGSTY,pg_summarize_$v,"{17,16,15,14,13,12}",PIGSTY,postgresql-$v-pg-summarize,"{17,16,15,14,13,12}"
1260,pg_tiktoken,pg_tiktoken,RAG,t,PIGSTY,pg_tiktoken_$v,"{17,16,15,14,13,12}",PIGSTY,postgresql-$v-pg-tiktoken,"{17,16,15,14,13,12}"
1270,pgml,pgml,RAG,t,PIGSTY,pgml_$v,"{16,15,14}",PIGSTY,postgresql-$v-pgml,"{16,15,14}"
1280,pg4ml,pg4ml,RAG,t,PIGSTY,pg4ml_$v,"{17,16,15,14,13,12}",PIGSTY,postgresql-$v-pg4ml,"{17,16,15,14,13,12}"
1300,pg_search,pg_search,FTS,t,PIGSTY,pg_search_$v,"{17,16,15,14}",PIGSTY,postgresql-$v-pg-search,"{17,16,15,14}"
1310,pg_bigm,pg_bigm,FTS,t,PGDG,pg_bigm_$v*,"{17,16,15,14,13,12}",PIGSTY,postgresql-$v-pg-bigm,"{17,16,15,14,13,12}"
1320,zhparser,zhparser,FTS,t,PIGSTY,zhparser_$v*,"{17,16,15,14,13,12}",PIGSTY,postgresql-$v-zhparser,"{17,16,15,14,13,12}"
1330,hunspell_cs_cz,hunspell_cs_cz,FTS,t,PIGSTY,hunspell_cs_cz_$v,"{17,16,15,14,13,12}",PIGSTY,postgresql-$v-hunspell-cs-cz,"{17,16,15,14,13,12}"
1331,hunspell_de_de,hunspell_de_de,FTS,t,PIGSTY,hunspell_de_de_$v,"{17,16,15,14,13,12}",PIGSTY,postgresql-$v-hunspell-de-de,"{17,16,15,14,13,12}"
1332,hunspell_en_us,hunspell_en_us,FTS,t,PIGSTY,hunspell_en_us_$v,"{17,16,15,14,13,12}",PIGSTY,postgresql-$v-hunspell-en-us,"{17,16,15,14,13,12}"
1333,hunspell_fr,hunspell_fr,FTS,t,PIGSTY,hunspell_fr_$v,"{17,16,15,14,13,12}",PIGSTY,postgresql-$v-hunspell-fr,"{17,16,15,14,13,12}"
1334,hunspell_ne_np,hunspell_ne_np,FTS,t,PIGSTY,hunspell_ne_np_$v,"{17,16,15,14,13,12}",PIGSTY,postgresql-$v-hunspell-ne-np,"{17,16,15,14,13,12}"
1335,hunspell_nl_nl,hunspell_nl_nl,FTS,t,PIGSTY,hunspell_nl_nl_$v,"{17,16,15,14,13,12}",PIGSTY,postgresql-$v-hunspell-nl-nl,"{17,16,15,14,13,12}"
1336,hunspell_nn_no,hunspell_nn_no,FTS,t,PIGSTY,hunspell_nn_no_$v,"{17,16,15,14,13,12}",PIGSTY,postgresql-$v-hunspell-nn-no,"{17,16,15,14,13,12}"
1337,hunspell_pt_pt,hunspell_pt_pt,FTS,t,PIGSTY,hunspell_pt_pt_$v,"{17,16,15,14,13,12}",PIGSTY,postgresql-$v-hunspell-pt-pt,"{17,16,15,14,13,12}"
1338,hunspell_ru_ru,hunspell_ru_ru,FTS,t,PIGSTY,hunspell_ru_ru_$v,"{17,16,15,14,13,12}",PIGSTY,postgresql-$v-hunspell-ru-ru,"{17,16,15,14,13,12}"
1339,hunspell_ru_ru_aot,hunspell_ru_ru_aot,FTS,t,PIGSTY,hunspell_ru_ru_aot_$v,"{17,16,15,14,13,12}",PIGSTY,postgresql-$v-hunspell-ru-ru-aot,"{17,16,15,14,13,12}"
1380,fuzzystrmatch,fuzzystrmatch,FTS,t,CONTRIB,postgresql$v-contrib,"{17,16,15,14,13,12}",CONTRIB,postgresql-$v,"{17,16,15,14,13,12}"
1390,pg_trgm,pg_trgm,FTS,t,CONTRIB,postgresql$v-contrib,"{17,16,15,14,13,12}",CONTRIB,postgresql-$v,"{17,16,15,14,13,12}"
1500,citus,citus,OLAP,t,PGDG,citus_$v*,"{16,15,14,13,12}",CITUS,postgresql-$v-citus-12.1,"{16,15,14,13,12}"
1501,citus_columnar,citus,OLAP,f,PGDG,citus_$v*,"{16,15,14,13,12}",CITUS,postgresql-$v-citus-12.1,"{16,15,14,13,12}"
1510,columnar,hydra,OLAP,t,PIGSTY,hydra_$v*,"{16,15,14,13}",PIGSTY,postgresql-$v-hydra,"{16,15,14,13}"
1520,pg_analytics,pg_analytics,OLAP,t,PIGSTY,pg_analytics_$v,"{17,16,15,14,13}",PIGSTY,postgresql-$v-pg-analytics,"{17,16,15,14,13}"
1530,pg_duckdb,pg_duckdb,OLAP,t,PIGSTY,pg_duckdb_$v*,"{17,16,15}",PIGSTY,postgresql-$v-pg-duckdb,"{17,16,15}"
1540,pg_mooncake,pg_mooncake,OLAP,t,PIGSTY,pg_mooncake_$v*,"{17,16,15}",PIGSTY,postgresql-$v-pg-mooncake,"{17,16,15}"
1550,duckdb_fdw,duckdb_fdw,OLAP,t,PIGSTY,duckdb_fdw_$v*,"{17,16,15,14,13,12}",PIGSTY,postgresql-$v-duckdb-fdw,"{17,16,15,14,13,12}"
1560,pg_parquet,pg_parquet,OLAP,t,PIGSTY,pg_parquet_$v,"{17,16,15,14}",PIGSTY,postgresql-$v-pg-parquet,"{17,16,15,14}"
1600,pg_fkpart,pg_fkpart,OLAP,t,PIGSTY,pg_fkpart_$v*,"{17,16,15,14,13,12}",PIGSTY,postgresql-$v-pg-fkpart,"{17,16,15,14,13,12}"
1610,pg_partman,pg_partman,OLAP,t,PGDG,pg_partman_$v*,"{16,15,14,13,12}",PGDG,postgresql-$v-partman,"{17,16,15,14,13,12}"
1620,plproxy,plproxy,OLAP,t,PIGSTY,plproxy_$v*,"{17,16,15,14,13,12}",PGDG,postgresql-$v-plproxy,"{17,16,15,14,13,12}"
1630,pg_strom,pg_strom,OLAP,t,PGDG,pg_strom_$v*,"{17,16,15,14,13,12}",,,
1690,tablefunc,tablefunc,OLAP,t,CONTRIB,postgresql$v-contrib,"{17,16,15,14,13,12}",CONTRIB,postgresql-$v,"{17,16,15,14,13,12}"
1700,age,age,FEAT,t,PIGSTY,apache-age_$v*,"{16,15}",PGDG,postgresql-$v-age,"{16,15,14,13,12}"
1710,hll,hll,FEAT,t,PGDG,hll_$v*,"{17,16,15,14,13,12}",PGDG,postgresql-$v-hll,"{17,16,15,14,13,12}"
1720,rum,rum,FEAT,t,PGDG,rum_$v,"{17,16,15,14,13,12}",PGDG,postgresql-$v-rum,"{17,16,15,14,13,12}"
1730,pg_graphql,pg_graphql,FEAT,t,PIGSTY,pg_graphql_$v,"{17,16,15,14}",PIGSTY,postgresql-$v-pg-graphql,"{17,16,15,14}"
1750,pg_jsonschema,pg_jsonschema,FEAT,t,PIGSTY,pg_jsonschema_$v,"{17,16,15,14,13,12}",PIGSTY,postgresql-$v-pg-jsonschema,"{17,16,15,14,13,12}"
1760,jsquery,jsquery,FEAT,t,PGDG,jsquery_$v*,"{17,16,15,14}",PGDG,postgresql-$v-jsquery,"{17,16,15,14,13,12}"
1770,pg_hint_plan,pg_hint_plan,FEAT,t,PGDG,pg_hint_plan_$v*,"{17,16,15,14,13,12}",PGDG,postgresql-$v-pg-hint-plan,"{17,16,15,14,13,12}"
1780,hypopg,hypopg,FEAT,t,PGDG,hypopg_$v*,"{17,16,15,14,13,12}",PGDG,postgresql-$v-hypopg,"{17,16,15,14,13,12}"
1790,index_advisor,index_advisor,FEAT,t,PIGSTY,index_advisor_$v,"{17,16,15,14,13,12}",PIGSTY,postgresql-$v-index-advisor,"{17,16,15,14,13,12}"
1791,plan_filter,pg_plan_filter,FEAT,t,PIGSTY,pg_plan_filter_$v*,"{17,16,15,14,13,12}",PIGSTY,postgresql-$v-pg-plan-filter,"{17,16,15,14,13,12}"
1800,imgsmlr,imgsmlr,FEAT,t,PIGSTY,imgsmlr_$v*,"{17,16,15,14,13,12}",PIGSTY,postgresql-$v-imgsmlr,"{17,16,15,14,13,12}"
1810,pg_ivm,pg_ivm,FEAT,t,PGDG,pg_ivm_$v*,"{17,16,15,14,13}",PIGSTY,postgresql-$v-pg-ivm,"{17,16,15,14,13}"
1820,pgmq,pgmq,FEAT,t,PIGSTY,pgmq_$v,"{17,16,15,14,13,12}",PIGSTY,postgresql-$v-pgmq,"{17,16,15,14,13,12}"
1830,pgq,pgq,FEAT,t,PGDG,pgq_$v*,"{17,16,15,14,13,12}",PGDG,postgresql-$v-pgq3,"{17,16,15,14,13,12}"
1840,pg_cardano,pg_cardano,FEAT,t,PIGSTY,pg_cardano_$v,"{17,16,15,14,13,12}",PIGSTY,postgresql-$v-pg-cardano,"{17,16,15,14,13,12}"
1850,rdkit,rdkit,FEAT,t,,,,PGDG,postgresql-$v-rdkit,"{16,15,14,13,12}"
1990,bloom,bloom,FEAT,t,CONTRIB,postgresql$v-contrib,"{17,16,15,14,13,12}",CONTRIB,postgresql-$v,"{17,16,15,14,13,12}"
2000,pg_tle,pg_tle,LANG,t,PIGSTY,pg_tle_$v*,"{17,16,15,14,13,12}",PIGSTY,postgresql-$v-pg-tle,"{17,16,15,14,13,12}"
2010,plv8,plv8,LANG,t,PIGSTY,plv8_$v*,"{17,16,15,14,13,12}",PIGSTY,postgresql-$v-plv8,"{17,16,15,14,13,12}"
2020,pllua,pllua,LANG,t,PGDG,pllua_$v*,"{17,16,15,14,13,12}",PGDG,postgresql-$v-pllua,"{17,16,15,14,13,12}"
2021,hstore_pllua,pllua,LANG,f,,,,PGDG,postgresql-$v-pllua,"{17,16,15,14,13,12}"
2030,plluau,pllua,LANG,f,PGDG,pllua_$v*,"{17,16,15,14,13,12}",PGDG,postgresql-$v-pllua,"{17,16,15,14,13,12}"
2031,hstore_plluau,pllua,LANG,f,,,,PGDG,postgresql-$v-pllua,"{17,16,15,14,13,12}"
2040,plprql,plprql,LANG,t,PIGSTY,plprql_$v,"{16,15,14,13,12}",PIGSTY,postgresql-$v-plprql,"{16,15,14,13,12}"
2050,pldbgapi,pldebugger,LANG,t,PGDG,pldebugger_$v*,"{17,16,15,14,13,12}",PGDG,postgresql-$v-pldebugger,"{17,16,15,14,13,12}"
2060,plpgsql_check,plpgsql_check,LANG,t,PGDG,plpgsql_check_$v*,"{17,16,15,14,13,12}",PGDG,postgresql-$v-plpgsql-check,"{17,16,15,14,13,12}"
2070,plprofiler,plprofiler,LANG,t,PGDG,plprofiler_$v*,"{17,16,15,14,13,12}",PGDG,postgresql-$v-plprofiler,"{17,16,15,14,13,12}"
2080,plsh,plsh,LANG,t,PGDG,plsh_$v*,"{17,16,15,14,13,12}",PGDG,postgresql-$v-plsh,"{17,16,15,14,13,12}"
2090,pljava,pljava,LANG,t,PGDG,pljava_$v*,"{17,16,15,14,13,12}",PGDG,postgresql-$v-pljava,"{17,16,15,14,13,12}"
2100,plr,plr,LANG,t,PGDG,plr_$v*,"{17,16,15,14,13,12}",PGDG,postgresql-$v-plr,"{17,16,15,14,13,12}"
2200,pgtap,pgtap,LANG,t,PGDG,pgtap_$v*,"{16,15,14,13,12}",PGDG,postgresql-$v-pgtap,"{17,16,15,14,13,12}"
2210,faker,faker,LANG,t,PGDG,postgresql_faker_$v*,"{17,16,15,14,13,12}",,,
2220,dbt2,dbt2,LANG,t,PGDG,dbt2-pg$v-extensions*,"{17,16,15,14,13,12}",,,
2240,pltcl,pltcl,LANG,t,CONTRIB,postgresql$v-contrib,"{17,16,15,14,13,12}",CONTRIB,postgresql-$v,"{17,16,15,14,13,12}"
2250,pltclu,pltcl,LANG,f,CONTRIB,postgresql$v-contrib,"{17,16,15,14,13,12}",CONTRIB,postgresql-$v,"{17,16,15,14,13,12}"
2260,plperl,plperl,LANG,t,CONTRIB,postgresql$v-contrib,"{17,16,15,14,13,12}",CONTRIB,postgresql-$v,"{17,16,15,14,13,12}"
2261,bool_plperl,plperl,LANG,f,CONTRIB,postgresql$v-contrib,"{17,16,15,14,13,12}",CONTRIB,postgresql-$v,"{17,16,15,14,13,12}"
2262,hstore_plperl,plperl,LANG,f,CONTRIB,postgresql$v-contrib,"{17,16,15,14,13,12}",CONTRIB,postgresql-$v,"{17,16,15,14,13,12}"
2263,jsonb_plperl,plperl,LANG,f,CONTRIB,postgresql$v-contrib,"{17,16,15,14,13,12}",CONTRIB,postgresql-$v,"{17,16,15,14,13,12}"
2270,plperlu,plperlu,LANG,t,CONTRIB,postgresql$v-contrib,"{17,16,15,14,13,12}",CONTRIB,postgresql-$v,"{17,16,15,14,13,12}"
2271,bool_plperlu,plperlu,LANG,f,CONTRIB,postgresql$v-contrib,"{17,16,15,14,13,12}",CONTRIB,postgresql-$v,"{17,16,15,14,13,12}"
2272,jsonb_plperlu,plperlu,LANG,f,CONTRIB,postgresql$v-contrib,"{17,16,15,14,13,12}",CONTRIB,postgresql-$v,"{17,16,15,14,13,12}"
2273,hstore_plperlu,plperlu,LANG,f,CONTRIB,postgresql$v-contrib,"{17,16,15,14,13,12}",CONTRIB,postgresql-$v,"{17,16,15,14,13,12}"
2280,plpgsql,plpgsql,LANG,t,CONTRIB,postgresql$v-contrib,"{17,16,15,14,13,12}",CONTRIB,postgresql-$v,"{17,16,15,14,13,12}"
2290,plpython3u,plpython3u,LANG,t,CONTRIB,postgresql$v-contrib,"{17,16,15,14,13,12}",CONTRIB,postgresql-$v,"{17,16,15,14,13,12}"
2291,jsonb_plpython3u,plpython3u,LANG,f,CONTRIB,postgresql$v-contrib,"{17,16,15,14,13,12}",CONTRIB,postgresql-$v,"{17,16,15,14,13,12}"
2292,ltree_plpython3u,plpython3u,LANG,f,CONTRIB,postgresql$v-contrib,"{17,16,15,14,13,12}",CONTRIB,postgresql-$v,"{17,16,15,14,13,12}"
2293,hstore_plpython3u,plpython3u,LANG,f,CONTRIB,postgresql$v-contrib,"{17,16,15,14,13,12}",CONTRIB,postgresql-$v,"{17,16,15,14,13,12}"
2500,prefix,prefix,TYPE,t,PGDG,prefix_$v*,"{17,16,15,14,13,12}",PGDG,postgresql-$v-prefix,"{17,16,15,14,13,12}"
2510,semver,semver,TYPE,t,PGDG,semver_$v*,"{17,16,15,14,13,12}",PGDG,postgresql-$v-semver,"{17,16,15,14,13,12}"
2520,unit,pgunit,TYPE,t,PGDG,postgresql-unit_$v*,"{17,16,15,14,13,12}",PGDG,postgresql-$v-unit,"{17,16,15,14,13,12}"
2530,md5hash,md5hash,TYPE,t,PIGSTY,md5hash_$v*,"{17,16,15,14,13,12}",PIGSTY,postgresql-$v-md5hash,"{17,16,15,14,13,12}"
2540,asn1oid,asn1oid,TYPE,t,PIGSTY,asn1oid_$v*,"{17,16,15,14,13,12}",PGDG,postgresql-$v-asn1oid,"{17,16,15,14,13,12}"
2550,roaringbitmap,roaringbitmap,TYPE,t,PIGSTY,pg_roaringbitmap_$v*,"{17,16,15,14,13,12}",PGDG,postgresql-$v-roaringbitmap,"{17,16,15,14,13,12}"
2560,pgfaceting,pgfaceting,TYPE,t,PIGSTY,pgfaceting_$v,"{17,16,15,14,13,12}",PGDG,postgresql-$v-pgfaceting,"{17,16,15,14}"
2570,pg_sphere,pgsphere,TYPE,t,PIGSTY,pgsphere_$v*,"{17,16,15,14,13,12}",PGDG,postgresql-$v-pgsphere,"{17,16,15,14,13,12}"
2580,country,pg_country,TYPE,t,PIGSTY,pg_country_$v*,"{17,16,15,14,13,12}",PIGSTY,postgresql-$v-pg-country,"{17,16,15,14,13,12}"
2590,currency,pg_currency,TYPE,t,PIGSTY,pg_currency_$v*,"{17,16,15,14,13,12}",PIGSTY,postgresql-$v-pg-currency,"{17,16,15,14,13,12}"
2600,pgmp,pgmp,TYPE,t,PGDG,pgmp_$v*,"{17,16,15}",PGDG,postgresql-$v-pgmp,"{17,16,15,14,13,12}"
2610,numeral,numeral,TYPE,t,PIGSTY,numeral_$v*,"{17,16,15,14,13,12}",PGDG,postgresql-$v-numeral,"{17,16,15,14,13,12}"
2620,pg_rational,pg_rational,TYPE,t,PIGSTY,pg_rational_$v*,"{17,16,15,14,13,12}",PGDG,postgresql-$v-rational,"{17,16,15,14,13,12}"
2630,uint,pguint,TYPE,t,PIGSTY,pguint_$v*,"{17,16,15,14,13,12}",PIGSTY,postgresql-$v-pguint,"{17,16,15,14,13,12}"
2640,uint128,pg_uint128,TYPE,t,PIGSTY,pg_uint128_$v*,"{17,16,15,14,13,12}",PIGSTY,postgresql-$v-pg-uint128,"{17,16,15,14,13,12}"
2650,ip4r,ip4r,TYPE,t,PGDG,ip4r_$v*,"{17,16,15,14,13,12}",PGDG,postgresql-$v-ip4r,"{17,16,15,14,13,12}"
2840,uri,pg_uri,TYPE,t,PIGSTY,pg_uri_$v*,"{17,16,15,14,13,12}",PIGSTY,postgresql-$v-pg-uri,"{17,16,15,14,13,12}"
2850,pgemailaddr,pgemailaddr,TYPE,t,PIGSTY,pg_emailaddr_$v*,"{17,16,15,14,13,12}",PIGSTY,postgresql-$v-pg-emailaddr,"{17,16,15,14,13,12}"
2860,acl,acl,TYPE,t,PIGSTY,acl_$v*,"{17,16,15,14,13,12}",PIGSTY,postgresql-$v-acl,"{17,16,15,14,13,12}"
2870,debversion,debversion,TYPE,t,,,,PGDG,postgresql-$v-debversion,"{17,16,15,14,13,12}"
2880,pg_rrule,pg_rrule,TYPE,t,,,,PGDG,postgresql-$v-pg-rrule,"{17,16,15,14,13,12}"
2890,timestamp9,timestamp9,TYPE,t,PGDG,timestamp9_$v*,"{17,16,15,14,13,12}",PIGSTY,postgresql-$v-timestamp9,"{17,16,15,14,13,12}"
2920,chkpass,chkpass,TYPE,t,PIGSTY,chkpass_$v*,"{17,16,15,14,13,12}",PIGSTY,postgresql-$v-chkpass,"{17,16,15,14,13,12}"
2930,isn,isn,TYPE,t,CONTRIB,postgresql$v-contrib,"{17,16,15,14,13,12}",CONTRIB,postgresql-$v,"{17,16,15,14,13,12}"
2940,seg,seg,TYPE,t,CONTRIB,postgresql$v-contrib,"{17,16,15,14,13,12}",CONTRIB,postgresql-$v,"{17,16,15,14,13,12}"
2950,cube,cube,TYPE,t,CONTRIB,postgresql$v-contrib,"{17,16,15,14,13,12}",CONTRIB,postgresql-$v,"{17,16,15,14,13,12}"
2960,ltree,ltree,TYPE,t,CONTRIB,postgresql$v-contrib,"{17,16,15,14,13,12}",CONTRIB,postgresql-$v,"{17,16,15,14,13,12}"
2970,hstore,hstore,TYPE,t,CONTRIB,postgresql$v-contrib,"{17,16,15,14,13,12}",CONTRIB,postgresql-$v,"{17,16,15,14,13,12}"
2980,citext,citext,TYPE,t,CONTRIB,postgresql$v-contrib,"{17,16,15,14,13,12}",CONTRIB,postgresql-$v,"{17,16,15,14,13,12}"
2990,xml2,xml2,TYPE,t,CONTRIB,postgresql$v-contrib,"{17,16,15,14,13,12}",CONTRIB,postgresql-$v,"{17,16,15,14,13,12}"
3000,topn,topn,FUNC,t,PGDG,topn_$v*,"{17,16,15,14,13,12}",PGDG,postgresql-$v-topn,"{16,15,14,13,12}"
3010,gzip,pg_gzip,FUNC,t,PGDG,pgsql_gzip_$v*,"{17,16,15,14,13,12}",PIGSTY,postgresql-$v-gzip,"{17,16,15,14,13,12}"
3020,zstd,pg_zstd,FUNC,t,PIGSTY,pg_zstd_$v*,"{17,16,15,14,13,12}",PIGSTY,postgresql-$v-pg-zstd,"{17,16,15,14,13,12}"
3030,http,pg_http,FUNC,t,PGDG,pgsql_http_$v*,"{17,16,15,14,13,12}",PGDG,postgresql-$v-http,"{17,16,15,14,13,12}"
3040,pg_net,pg_net,FUNC,t,PIGSTY,pg_net_$v*,"{17,16,15,14,13,12}",PIGSTY,postgresql-$v-pg-net,"{17,16,15,14,13,12}"
3050,pg_smtp_client,pg_smtp_client,FUNC,t,PIGSTY,pg_smtp_client_$v,"{17,16,15,14}",PIGSTY,postgresql-$v-pg-smtp-client,"{17,16,15,14}"
3060,pg_html5_email_address,pg_html5_email_address,FUNC,t,PIGSTY,pg_html5_email_address_$v,"{17,16,15,14,13,12}",PIGSTY,postgresql-$v-pg-html5-email-address,"{17,16,15,14,13,12}"
3070,pgsql_tweaks,pgsql_tweaks,FUNC,t,PGDG,pgsql_tweaks_$v*,"{17,16,15,14,13,12}",PIGSTY,postgresql-$v-pgsql-tweaks,"{17,16,15,14,13,12}"
3080,pg_extra_time,pg_extra_time,FUNC,t,PGDG,pg_extra_time_$v*,"{17,16,15,14,13,12}",PIGSTY,postgresql-$v-pg-extra-time,"{17,16,15,14,13,12}"
3090,timeit,pg_timeit,FUNC,t,PIGSTY,pg_timeit_$v*,"{17,16,15,14,13,12}",PIGSTY,postgresql-$v-pg-timeit,"{17,16,15,14,13,12}"
3100,count_distinct,count_distinct,FUNC,t,PIGSTY,count_distinct_$v*,"{17,16,15,14,13,12}",PIGSTY,postgresql-$v-count-distinct,"{17,16,15,14,13,12}"
3110,extra_window_functions,extra_window_functions,FUNC,t,PGDG,extra_window_functions_$v*,"{17,16,15}",PGDG,postgresql-$v-extra-window-functions,"{17,16,15,14,13,12}"
3120,first_last_agg,first_last_agg,FUNC,t,PIGSTY,first_last_agg_$v,"{17,16,15,14,13,12}",PGDG,postgresql-$v-first-last-agg,"{17,16,15,14,13,12}"
3130,tdigest,tdigest,FUNC,t,PGDG,tdigest_$v*,"{17,16,15,14,13,12}",PGDG,postgresql-$v-tdigest,"{17,16,15,14,13,12}"
3140,aggs_for_vecs,aggs_for_vecs,FUNC,t,PIGSTY,aggs_for_vecs_$v*,"{17,16,15,14,13,12}",PIGSTY,postgresql-$v-aggs-for-vecs,"{17,16,15,14,13,12}"
3150,aggs_for_arrays,aggs_for_arrays,FUNC,t,PIGSTY,aggs_for_arrays_$v*,"{17,16,15,14,13,12}",PIGSTY,postgresql-$v-aggs-for-arrays,"{17,16,15,14,13,12}"
3160,arraymath,pg_arraymath,FUNC,t,PIGSTY,pg_arraymath_$v*,"{17,16,15,14,13,12}",PIGSTY,postgresql-$v-pg-arraymath,"{17,16,15,14,13,12}"
3170,quantile,quantile,FUNC,t,PIGSTY,quantile_$v*,"{17,16,15,14,13,12}",PIGSTY,postgresql-$v-quantile,"{17,16,15,14,13,12}"
3180,lower_quantile,lower_quantile,FUNC,t,PIGSTY,lower_quantile_$v*,"{17,16,15,14,13,12}",PIGSTY,postgresql-$v-lower-quantile,"{17,16,15,14,13,12}"
3200,pg_idkit,pg_idkit,FUNC,t,PIGSTY,pg_idkit_$v,"{17,16,15,14,13,12}",PIGSTY,postgresql-$v-pg-idkit,"{17,16,15,14,13,12}"
3210,pg_uuidv7,pg_uuidv7,FUNC,t,PGDG,pg_uuidv7_$v*,"{17,16,15,14,13,12}",PIGSTY,postgresql-$v-pg-uuidv7,"{17,16,15,14,13,12}"
3220,permuteseq,permuteseq,FUNC,t,PIGSTY,permuteseq_$v*,"{17,16,15,14,13,12}",PIGSTY,postgresql-$v-permuteseq,"{17,16,15,14,13,12}"
3230,pg_hashids,pg_hashids,FUNC,t,PIGSTY,pg_hashids_$v*,"{17,16,15,14,13,12}",PIGSTY,postgresql-$v-pg-hashids,"{17,16,15,14,13,12}"
3240,sequential_uuids,sequential_uuids,FUNC,t,PGDG,sequential_uuids_$v,"{17,16,15,14,13,12}",PIGSTY,postgresql-$v-sequential-uuids,"{17,16,15,14,13,12}"
3300,pg_math,pg_math,FUNC,t,PIGSTY,pg_math_$v*,"{17,16,15,14,13,12}",PIGSTY,postgresql-$v-pg-math,"{17,16,15,14,13,12}"
3310,random,pg_random,FUNC,t,PIGSTY,pg_random_$v*,"{17,16,15,14,13,12}",PIGSTY,postgresql-$v-random,"{17,16,15,14,13,12}"
3320,base36,pg_base36,FUNC,t,PIGSTY,pg_base36_$v*,"{17,16,15,14,13,12}",PIGSTY,postgresql-$v-base36,"{17,16,15,14,13,12}"
3330,base62,pg_base62,FUNC,t,PIGSTY,pg_base62_$v*,"{17,16,15,14,13,12}",PIGSTY,postgresql-$v-base62,"{17,16,15,14,13,12}"
3340,pg_base58,pg_base58,FUNC,t,PIGSTY,pg_base58_$v,"{17,16,15,14,13,12}",PIGSTY,postgresql-$v-pg-base58,"{17,16,15,14,13,12}"
3350,floatvec,floatvec,FUNC,t,PIGSTY,floatvec_$v*,"{17,16,15,14,13,12}",PIGSTY,postgresql-$v-floatvec,"{17,16,15,14,13,12}"
3360,financial,pg_financial,FUNC,t,PIGSTY,pg_financial_$v*,"{17,16,15,14,13,12}",PIGSTY,postgresql-$v-pg-financial,"{17,16,15,14,13,12}"
3400,pgjwt,pgjwt,FUNC,t,PIGSTY,pgjwt_$v*,"{17,16,15,14,13,12}",PIGSTY,postgresql-$v-pgjwt,"{17,16,15,14,13,12}"
3410,pg_hashlib,pg_hashlib,FUNC,t,PIGSTY,pg_hashlib_$v,"{17,16,15,14,13,12}",PIGSTY,postgresql-$v-pg-hashlib,"{17,16,15,14,13,12}"
3420,shacrypt,shacrypt,FUNC,t,PIGSTY,postgres_shacrypt_$v*,"{17,16,15,14,13,12}",PIGSTY,postgresql-$v-shacrypt,"{17,16,15,14,13,12}"
3430,cryptint,cryptint,FUNC,t,PIGSTY,cryptint_$v*,"{17,16,15,14,13,12}",PIGSTY,postgresql-$v-cryptint,"{17,16,15,14,13,12}"
3440,pguecc,pg_ecdsa,FUNC,t,PIGSTY,pg_ecdsa_$v*,"{17,16,15,14,13,12}",PIGSTY,postgresql-$v-pg-ecdsa,"{17,16,15,14,13,12}"
3500,pgpcre,pgpcre,FUNC,t,PIGSTY,pgpcre_$v,"{17,16,15,14,13,12}",PGDG,postgresql-$v-pgpcre,"{17,16,15,14,13,12}"
3510,icu_ext,icu_ext,FUNC,t,PIGSTY,icu_ext_$v*,"{17,16,15,14,13,12}",PGDG,postgresql-$v-icu-ext,"{17,16,15,14,13,12}"
3520,pgqr,pgqr,FUNC,t,PIGSTY,pgqr_$v*,"{17,16,15,14,13,12}",PIGSTY,postgresql-$v-pgqr,"{17,16,15,14,13,12}"
3530,envvar,envvar,FUNC,t,PIGSTY,pg_envvar_$v*,"{17,16,15,14,13,12}",PIGSTY,postgresql-$v-pg-envvar,"{17,16,15,14,13,12}"
3540,pg_protobuf,pg_protobuf,FUNC,t,PIGSTY,pg_protobuf_$v,"{17,16,15,14,13,12}",PIGSTY,postgresql-$v-pg-protobuf,"{17,16,15,14,13,12}"
3550,url_encode,url_encode,FUNC,t,PIGSTY,url_encode_$v*,"{17,16,15,14,13,12}",PIGSTY,postgresql-$v-url-encode,"{17,16,15,14,13,12}"
3840,refint,refint,FUNC,t,CONTRIB,postgresql$v-contrib,"{17,16,15,14,13,12}",CONTRIB,postgresql-$v,"{17,16,15,14,13,12}"
3841,autoinc,autoinc,FUNC,t,CONTRIB,postgresql$v-contrib,"{17,16,15,14,13,12}",CONTRIB,postgresql-$v,"{17,16,15,14,13,12}"
3842,insert_username,insert_username,FUNC,t,CONTRIB,postgresql$v-contrib,"{17,16,15,14,13,12}",CONTRIB,postgresql-$v,"{17,16,15,14,13,12}"
3843,moddatetime,moddatetime,FUNC,t,CONTRIB,postgresql$v-contrib,"{17,16,15,14,13,12}",CONTRIB,postgresql-$v,"{17,16,15,14,13,12}"
3850,tsm_system_time,tsm_system_time,FUNC,t,CONTRIB,postgresql$v-contrib,"{17,16,15,14,13,12}",CONTRIB,postgresql-$v,"{17,16,15,14,13,12}"
3870,dict_xsyn,dict_xsyn,FUNC,t,CONTRIB,postgresql$v-contrib,"{17,16,15,14,13,12}",CONTRIB,postgresql-$v,"{17,16,15,14,13,12}"
3880,tsm_system_rows,tsm_system_rows,FUNC,t,CONTRIB,postgresql$v-contrib,"{17,16,15,14,13,12}",CONTRIB,postgresql-$v,"{17,16,15,14,13,12}"
3890,tcn,tcn,FUNC,t,CONTRIB,postgresql$v-contrib,"{17,16,15,14,13,12}",CONTRIB,postgresql-$v,"{17,16,15,14,13,12}"
3900,uuid-ossp,uuid-ossp,FUNC,t,CONTRIB,postgresql$v-contrib,"{17,16,15,14,13,12}",CONTRIB,postgresql-$v,"{17,16,15,14,13,12}"
3910,btree_gist,btree_gist,FUNC,t,CONTRIB,postgresql$v-contrib,"{17,16,15,14,13,12}",CONTRIB,postgresql-$v,"{17,16,15,14,13,12}"
3920,btree_gin,btree_gin,FUNC,t,CONTRIB,postgresql$v-contrib,"{17,16,15,14,13,12}",CONTRIB,postgresql-$v,"{17,16,15,14,13,12}"
3930,intarray,intarray,FUNC,t,CONTRIB,postgresql$v-contrib,"{17,16,15,14,13,12}",CONTRIB,postgresql-$v,"{17,16,15,14,13,12}"
3950,intagg,intagg,FUNC,t,CONTRIB,postgresql$v-contrib,"{17,16,15,14,13,12}",CONTRIB,postgresql-$v,"{17,16,15,14,13,12}"
3960,dict_int,dict_int,FUNC,t,CONTRIB,postgresql$v-contrib,"{17,16,15,14,13,12}",CONTRIB,postgresql-$v,"{17,16,15,14,13,12}"
3990,unaccent,unaccent,FUNC,t,CONTRIB,postgresql$v-contrib,"{17,16,15,14,13,12}",CONTRIB,postgresql-$v,"{17,16,15,14,13,12}"
5010,pg_repack,pg_repack,ADMIN,t,PGDG,pg_repack_$v*,"{17,16,15,14,13,12}",PGDG,postgresql-$v-repack,"{17,16,15,14,13,12}"
5020,pg_squeeze,pg_squeeze,ADMIN,t,PGDG,pg_squeeze_$v*,"{17,16,15,14,13,12}",PGDG,postgresql-$v-squeeze,"{17,16,15,14,13,12}"
5030,pg_dirtyread,pg_dirtyread,ADMIN,t,PIGSTY,pg_dirtyread_$v*,"{17,16,15,14,13,12}",PGDG,postgresql-$v-dirtyread,"{17,16,15,14,13,12}"
5040,pgfincore,pgfincore,ADMIN,t,PGDG,pgfincore_$v*,"{17,16,15,14,13,12}",PGDG,postgresql-$v-pgfincore,"{17,16,15,14,13,12}"
5050,pgdd,pgdd,ADMIN,t,PIGSTY,pgdd_$v,"{16,15,14,13,12}",PIGSTY,postgresql-$v-pgdd,"{16,15,14,13,12}"
5060,ddlx,ddlx,ADMIN,t,PIGSTY,ddlx_$v*,"{17,16,15,14,13,12}",PIGSTY,postgresql-$v-ddlx,"{17,16,15,14,13,12}"
5070,prioritize,pg_prioritize,ADMIN,t,PGDG,pg_prioritize_$v*,"{17,16,15}",PGDG,postgresql-$v-prioritize,"{17,16,15,14,13,12}"
5080,pg_checksums,pg_checksums,ADMIN,t,PGDG,pg_checksums_$v*,"{16,15,14,13,12}",PGDG,postgresql-$v-pg-checksums,"{17,16,15,14,13,12}"
5090,pg_readonly,pg_readonly,ADMIN,t,PGDG,pg_readonly_$v*,"{17,16,15,14,13,12}",PGDG,postgresql-$v-pg-readonly,"{17,16,15,14,13,12}"
5100,safeupdate,safeupdate,ADMIN,t,PGDG,safeupdate_$v*,"{17,16,15,14,13,12}",PGDG,postgresql-$v-pg-safeupdate,"{17,16,15,14}"
5110,pg_permissions,pg_permissions,ADMIN,t,PGDG,pg_permissions_$v*,"{17,16,15,14,13,12}",PIGSTY,postgresql-$v-pg-permissions,"{17,16,15,14,13,12}"
5120,pgautofailover,pgautofailover,ADMIN,t,PGDG,pg_auto_failover_$v*,"{16,15,14,13,12}",PGDG,postgresql-$v-auto-failover,"{17,16,15,14,13,12}"
5130,pg_catcheck,pg_catcheck,ADMIN,t,PGDG,pg_catcheck_$v*,"{17,16,15,14,13,12}",PGDG,postgresql-$v-pg-catcheck,"{17,16,15,14,13,12}"
5140,pre_prepare,preprepare,ADMIN,t,PIGSTY,preprepare_$v*,"{17,16,15,14,13,12}",PGDG,postgresql-$v-preprepare,"{17,16,15,14,13,12}"
5170,pgcozy,pgcozy,ADMIN,t,PIGSTY,pgcozy_$v,"{17,16,15,14,13,12}",PIGSTY,postgresql-$v-pgcozy,"{17,16,15,14,13,12}"
5180,pg_orphaned,pg_orphaned,ADMIN,t,PIGSTY,pg_orphaned_$v*,"{17,16,15,14,13,12}",PIGSTY,postgresql-$v-pg-orphaned,"{17,16,15,14,13,12}"
5190,pg_crash,pg_crash,ADMIN,t,PIGSTY,pg_crash_$v*,"{17,16,15,14,13,12}",PIGSTY,postgresql-$v-pg-crash,"{17,16,15,14,13,12}"
5200,pg_cheat_funcs,pg_cheat_funcs,ADMIN,t,PIGSTY,pg_cheat_funcs_$v*,"{17,16,15,14,13,12}",PIGSTY,postgresql-$v-pg-cheat-funcs,"{17,16,15,14,13,12}"
5210,pg_savior,pg_savior,ADMIN,t,PIGSTY,pg_savior_$v*,"{17,16,15,14,13}",PIGSTY,postgresql-$v-pg-savior,"{17,16,15,14,13}"
5220,table_log,table_log,ADMIN,t,PIGSTY,table_log_$v,"{17,16,15,14,13,12}",PGDG,postgresql-$v-tablelog,"{17,16,15,14,13,12}"
5230,pg_fio,pg_fio,ADMIN,t,PIGSTY,pg_fio_$v,"{17,16,15,14,13,12}",PIGSTY,postgresql-$v-pg-fio,"{17,16,15,14,13,12}"
5300,pgpool_adm,pgpool,ADMIN,t,PGDG,pgpool-II-pg$v-extensions,"{17,16,15,14,13,12}",PGDG,postgresql-$v-pgpool2,"{17,16,15,14,13,12}"
5301,pgpool_recovery,pgpool,ADMIN,f,PGDG,pgpool-II-pg$v-extensions,"{17,16,15,14,13,12}",PGDG,postgresql-$v-pgpool2,"{17,16,15,14,13,12}"
5302,pgpool_regclass,pgpool,ADMIN,f,PGDG,pgpool-II-pg$v-extensions,"{17,16,15,14,13,12}",PGDG,postgresql-$v-pgpool2,"{17,16,15,14,13,12}"
5310,pgagent,pgagent,ADMIN,t,PGDG,pgagent_$v*,"{17,16,15,14,13,12}",PGDG,pgagent,"{17,16,15,14,13,12}"
5900,vacuumlo,vacuumlo,ADMIN,t,CONTRIB,postgresql$v-contrib,"{17,16,15,14,13,12}",CONTRIB,postgresql-$v,"{17,16,15,14,13,12}"
5910,pg_prewarm,pg_prewarm,ADMIN,t,CONTRIB,postgresql$v-contrib,"{17,16,15,14,13,12}",CONTRIB,postgresql-$v,"{17,16,15,14,13,12}"
5920,oid2name,oid2name,ADMIN,t,CONTRIB,postgresql$v-contrib,"{17,16,15,14,13,12}",CONTRIB,postgresql-$v,"{17,16,15,14,13,12}"
5930,lo,lo,ADMIN,t,CONTRIB,postgresql$v-contrib,"{17,16,15,14,13,12}",CONTRIB,postgresql-$v,"{17,16,15,14,13,12}"
5940,basic_archive,basic_archive,ADMIN,t,CONTRIB,postgresql$v-contrib,"{17,16,15}",CONTRIB,postgresql-$v,"{17,16,15}"
5950,basebackup_to_shell,basebackup_to_shell,ADMIN,t,CONTRIB,postgresql$v-contrib,"{17,16,15}",CONTRIB,postgresql-$v,"{17,16,15}"
5960,old_snapshot,old_snapshot,ADMIN,t,CONTRIB,postgresql$v-contrib,"{17,16,15,14}",CONTRIB,postgresql-$v,"{17,16,15,14}"
5970,adminpack,adminpack,ADMIN,t,CONTRIB,postgresql$v-contrib,"{17,16,15,14,13,12}",CONTRIB,postgresql-$v,"{17,16,15,14,13,12}"
5980,amcheck,amcheck,ADMIN,t,CONTRIB,postgresql$v-contrib,"{17,16,15,14,13,12}",CONTRIB,postgresql-$v,"{17,16,15,14,13,12}"
5990,pg_surgery,pg_surgery,ADMIN,t,CONTRIB,postgresql$v-contrib,"{17,16,15,14}",CONTRIB,postgresql-$v,"{17,16,15,14}"
6000,pg_profile,pg_profile,STAT,t,PGDG,pg_profile_$v*,"{17,16,15,14,13,12}",PIGSTY,postgresql-$v-pg-profile,"{17,16,15,14,13,12}"
6010,pg_show_plans,pg_show_plans,STAT,t,PGDG,pg_show_plans_$v*,"{17,16,15,14,13,12}",PGDG,postgresql-$v-show-plans,"{17,16,15,14,13,12}"
6020,pg_stat_kcache,pg_stat_kcache,STAT,t,PGDG,pg_stat_kcache_$v*,"{17,16,15,14,13,12}",PGDG,postgresql-$v-pg-stat-kcache,"{17,16,15,14,13,12}"
6030,pg_stat_monitor,pg_stat_monitor,STAT,t,PGDG,pg_stat_monitor_$v*,"{17,16,15,14,13,12}",PIGSTY,postgresql-$v-pg-stat-monitor,"{17,16,15,14,13,12}"
6040,pg_qualstats,pg_qualstats,STAT,t,PGDG,pg_qualstats_$v*,"{17,16,15,14,13,12}",PGDG,postgresql-$v-pg-qualstats,"{17,16,15,14,13,12}"
6050,pg_store_plans,pg_store_plans,STAT,t,PIGSTY,pg_store_plans_$v*,"{16,15,14,13,12}",PIGSTY,postgresql-$v-pg-store-plan,"{16,15,14,13,12}"
6060,pg_track_settings,pg_track_settings,STAT,t,PGDG,pg_track_settings_$v*,"{17,16,15,14,13,12}",PGDG,postgresql-$v-pg-track-settings,"{17,16,15,14,13,12}"
6070,pg_wait_sampling,pg_wait_sampling,STAT,t,PGDG,pg_wait_sampling_$v*,"{17,16,15,14,13,12}",PGDG,postgresql-$v-pg-wait-sampling,"{17,16,15,14,13,12}"
6080,system_stats,system_stats,STAT,t,PGDG,system_stats_$v*,"{17,16,15,14,13,12}",PIGSTY,postgresql-$v-system-stats,"{17,16,15,14,13,12}"
6090,meta,pg_meta,STAT,t,PIGSTY,pg_meta_$v,"{17,16,15,14,13,12}",PIGSTY,postgresql-$v-pg-meta,"{17,16,15,14,13,12}"
6100,pgnodemx,pgnodemx,STAT,t,PIGSTY,pgnodemx_$v,"{17,16,15,14,13,12}",PIGSTY,postgresql-$v-pgnodemx,"{17,16,15,14,13,12}"
6120,pg_proctab,pgnodemx,STAT,f,PIGSTY,pgnodemx_$v,"{17,16,15,14,13,12}",PIGSTY,postgresql-$v-pgnodemx,"{17,16,15,14,13,12}"
6130,pg_sqlog,pg_sqlog,STAT,t,PIGSTY,pg_sqlog_$v*,"{17,16,15,14,13,12}",PIGSTY,postgresql-$v-pg-sqlog,"{17,16,15,14,13,12}"
6140,bgw_replstatus,bgw_replstatus,STAT,t,PGDG,bgw_replstatus_$v*,"{17,16,15,14,13,12}",PGDG,postgresql-$v-bgw-replstatus,"{17,16,15,14,13,12}"
6150,pgmeminfo,pgmeminfo,STAT,t,PIGSTY,pgmeminfo_$v*,"{17,16,15,14,13,12}",PIGSTY,postgresql-$v-pgmeminfo,"{17,16,15,14,13,12}"
6160,toastinfo,toastinfo,STAT,t,PIGSTY,toastinfo_$v*,"{17,16,15,14,13,12}",PIGSTY,postgresql-$v-toastinfo,"{17,16,15,14,13,12}"
6170,explain_ui,pg_explain_ui,STAT,t,PIGSTY,pg_explain_ui_$v,"{17,16,15,14,13,12}",PIGSTY,postgresql-$v-pg-explain-ui,"{17,16,15,14,13,12}"
6180,pg_relusage,pg_relusage,STAT,t,PIGSTY,pg_relusage_$v,"{17,16,15,14,13,12}",PIGSTY,postgresql-$v-pg-relusage,"{17,16,15,14,13,12}"
6220,pg_top,pg_top,STAT,t,PGDG,pg_top_$v*,"{16,15,14,13}",,,
6230,pagevis,pagevis,STAT,t,PIGSTY,pagevis_$v,"{17,16,15,14,13,12}",PIGSTY,postgresql-$v-pagevis,"{17,16,15,14,13,12}"
6240,powa,powa,STAT,t,PGDG,powa_$v*,"{16,15,14,13,12}",PGDG,postgresql-$v-powa,"{16,15,14,13,12}"
6900,pageinspect,pageinspect,STAT,t,CONTRIB,postgresql$v-contrib,"{17,16,15,14,13,12}",CONTRIB,postgresql-$v,"{17,16,15,14,13,12}"
6910,pgrowlocks,pgrowlocks,STAT,t,CONTRIB,postgresql$v-contrib,"{17,16,15,14,13,12}",CONTRIB,postgresql-$v,"{17,16,15,14,13,12}"
6920,sslinfo,sslinfo,STAT,t,CONTRIB,postgresql$v-contrib,"{17,16,15,14,13,12}",CONTRIB,postgresql-$v,"{17,16,15,14,13,12}"
6930,pg_buffercache,pg_buffercache,STAT,t,CONTRIB,postgresql$v-contrib,"{17,16,15,14,13,12}",CONTRIB,postgresql-$v,"{17,16,15,14,13,12}"
6940,pg_walinspect,pg_walinspect,STAT,t,CONTRIB,postgresql$v-contrib,"{17,16,15}",CONTRIB,postgresql-$v,"{17,16,15}"
6950,pg_freespacemap,pg_freespacemap,STAT,t,CONTRIB,postgresql$v-contrib,"{17,16,15,14,13,12}",CONTRIB,postgresql-$v,"{17,16,15,14,13,12}"
6960,pg_visibility,pg_visibility,STAT,t,CONTRIB,postgresql$v-contrib,"{17,16,15,14,13,12}",CONTRIB,postgresql-$v,"{17,16,15,14,13,12}"
6970,pgstattuple,pgstattuple,STAT,t,CONTRIB,postgresql$v-contrib,"{17,16,15,14,13,12}",CONTRIB,postgresql-$v,"{17,16,15,14,13,12}"
6980,auto_explain,auto_explain,STAT,t,CONTRIB,postgresql$v-contrib,"{17,16,15,14,13,12}",CONTRIB,postgresql-$v,"{17,16,15,14,13,12}"
6990,pg_stat_statements,pg_stat_statements,STAT,t,CONTRIB,postgresql$v-contrib,"{17,16,15,14,13,12}",CONTRIB,postgresql-$v,"{17,16,15,14,13,12}"
7000,passwordcheck_cracklib,passwordcheck,SEC,t,PGDG,passwordcheck_cracklib_$v*,"{17,16,15,14,13,12}",PIGSTY,postgresql-$v-passwordcheck-cracklib,"{17,16,15,14,13,12}"
7010,supautils,supautils,SEC,t,PIGSTY,supautils_$v*,"{17,16,15,14,13}",PIGSTY,postgresql-$v-supautils,"{17,16,15,14,13}"
7020,pgsodium,pgsodium,SEC,t,PIGSTY,pgsodium_$v*,"{17,16,15,14,13,12}",PIGSTY,postgresql-$v-pgsodium,"{17,16,15,14,13,12}"
7030,supabase_vault,pg_vault,SEC,t,PIGSTY,vault_$v*,"{17,16,15,14,13,12}",PIGSTY,postgresql-$v-vault,"{17,16,15,14,13,12}"
7040,pg_session_jwt,pg_session_jwt,SEC,t,PIGSTY,pg_session_jwt_$v,"{17,16,15,14}",PIGSTY,postgresql-$v-pg-session-jwt,"{17,16,15,14}"
7050,anon,anonymizer,SEC,t,PIGSTY,postgresql_anonymizer_$v*,"{17,16,15,14,13,12}",PIGSTY,postgresql-$v-anonymizer,"{17,16,15,14,13,12}"
7060,pg_tde,pg_tde,SEC,t,PIGSTY,pg_tde_$v*,{16},PIGSTY,postgresql-$v-pg-tde,{16}
7070,pgsmcrypto,pgsmcrypto,SEC,t,PIGSTY,pgsmcrypto_$v,"{17,16,15,14,13,12}",PIGSTY,postgresql-$v-pgsmcrypto,"{17,16,15,14,13,12}"
7080,pgaudit,pgaudit,SEC,t,PGDG,pgaudit_$v*,"{17,16,15,14,13,12}",PGDG,postgresql-$v-pgaudit,"{17,16,15,14,13,12}"
7090,pgauditlogtofile,pgauditlogtofile,SEC,t,PGDG,pgauditlogtofile_$v*,"{17,16,15,14,13,12}",PGDG,postgresql-$v-pgauditlogtofile,"{17,16,15,14,13,12}"
7100,pg_auth_mon,pg_auth_mon,SEC,t,PGDG,pg_auth_mon_$v*,"{17,16,15,14,13,12}",PIGSTY,postgresql-$v-pg-auth-mon,"{17,16,15,14,13,12}"
7110,credcheck,credcheck,SEC,t,PGDG,credcheck_$v*,"{17,16,15,14,13,12}",PGDG,postgresql-$v-credcheck,"{17,16,15,14,13,12}"
7120,pgcryptokey,pgcryptokey,SEC,t,PIGSTY,pgcryptokey_$v,"{17,16,15,14,13,12}",PIGSTY,postgresql-$v-pgcryptokey,"{17,16,15,14,13,12}"
7130,pg_jobmon,pg_jobmon,SEC,t,PGDG,pg_jobmon_$v*,"{17,16,15,14,13,12}",PIGSTY,postgresql-$v-pg-jobmon,"{17,16,15,14,13,12}"
7140,logerrors,logerrors,SEC,t,PGDG,logerrors_$v*,"{17,16,15,14,13,12}",PIGSTY,postgresql-$v-logerrors,"{17,16,15,14,13,12}"
7150,login_hook,login_hook,SEC,t,PGDG,login_hook_$v*,"{17,16,15,14,13,12}",PIGSTY,postgresql-$v-login-hook,"{17,16,15,14,13,12}"
7160,set_user,set_user,SEC,t,PGDG,set_user_$v*,"{17,16,15,14,13,12}",PGDG,postgresql-$v-set-user,"{17,16,15,14,13,12}"
7170,pg_snakeoil,pg_snakeoil,SEC,t,PIGSTY,pg_snakeoil_$v*,"{17,16,15,14,13,12}",PGDG,postgresql-$v-snakeoil,"{17,16,15,14,13,12}"
7180,pgextwlist,pgextwlist,SEC,t,PIGSTY,pgextwlist_$v*,"{17,16,15,14,13,12}",PIGSTY,postgresql-$v-pgextwlist,"{17,16,15,14,13,12}"
7190,pg_auditor,pg_auditor,SEC,t,PIGSTY,pg_auditor_$v,"{17,16,15,14,13,12}",PIGSTY,postgresql-$v-pg-auditor,"{17,16,15,14,13,12}"
7200,sslutils,sslutils,SEC,t,PIGSTY,sslutils_$v*,"{17,16,15,14,13,12}",PIGSTY,postgresql-$v-sslutils,"{17,16,15,14,13,12}"
7210,noset,noset,SEC,t,PIGSTY,noset_$v*,"{17,16,15,14,13,12}",PIGSTY,postgresql-$v-noset,"{17,16,15,14,13,12}"
7960,sepgsql,sepgsql,SEC,t,CONTRIB,postgresql$v-contrib,"{17,16,15,14,13,12}",CONTRIB,postgresql-$v,"{17,16,15,14,13,12}"
7970,auth_delay,auth_delay,SEC,t,CONTRIB,postgresql$v-contrib,"{17,16,15,14,13,12}",CONTRIB,postgresql-$v,"{17,16,15,14,13,12}"
7980,pgcrypto,pgcrypto,SEC,t,CONTRIB,postgresql$v-contrib,"{17,16,15,14,13,12}",CONTRIB,postgresql-$v,"{17,16,15,14,13,12}"
7990,passwordcheck,passwordcheck,SEC,f,CONTRIB,postgresql$v-contrib,"{17,16,15,14,13,12}",CONTRIB,postgresql-$v,"{17,16,15,14,13,12}"
8500,wrappers,wrappers,FDW,t,PIGSTY,wrappers_$v,"{17,16,15,14}",PIGSTY,postgresql-$v-wrappers,"{17,16,15,14}"
8510,multicorn,multicorn,FDW,t,PGDG,multicorn2_$v*,"{17,16,15,14,13,12}",,,
8520,odbc_fdw,odbc_fdw,FDW,t,PGDG,odbc_fdw_$v*,"{16,15,14,13}",,,
8530,jdbc_fdw,jdbc_fdw,FDW,t,PGDG,jdbc_fdw_$v*,"{16,15,14,13}",,,
8600,mysql_fdw,mysql_fdw,FDW,t,PGDG,mysql_fdw_$v*,"{17,16,15,14,13,12}",PGDG,postgresql-$v-mysql-fdw,"{17,16,15,14,13,12}"
8610,oracle_fdw,oracle_fdw,FDW,t,PGDG,oracle_fdw_$v*,"{17,16,15,14,13,12}",PGDG,postgresql-$v-oracle-fdw,"{17,16,15,14,13,12}"
8620,tds_fdw,tds_fdw,FDW,t,PGDG,tds_fdw_$v*,"{17,16,15,14,13,12}",PGDG,postgresql-$v-tds-fdw,"{17,16,15,14,13,12}"
8630,db2_fdw,db2_fdw,FDW,t,PGDG,db2_fdw_$v*,"{16,15,14,13,12}",,,
8640,sqlite_fdw,sqlite_fdw,FDW,t,PGDG,sqlite_fdw_$v*,"{17,16,15,14,13,12}",PGDG,postgresql-$v-sqlite-fdw,"{16,15,14,13,12}"
8650,pgbouncer_fdw,pgbouncer_fdw,FDW,t,PGDG,pgbouncer_fdw_$v*,"{17,16,15,14,13,12}",,,
8700,mongo_fdw,mongo_fdw,FDW,t,PGDG,mongo_fdw_$v*,"{16,15,14,13,12}",,,
8710,redis_fdw,redis_fdw,FDW,t,PIGSTY,redis_fdw_$v*,"{17,16,15,14,13,12}",PIGSTY,postgresql-$v-redis-fdw,"{17,16,15,14,13,12}"
8720,redis,pg_redis_pubsub,FDW,t,PIGSTY,pg_redis_pubsub_$v*,"{17,16,15,14,13,12}",PIGSTY,postgresql-$v-pg-redis-pubsub,"{17,16,15,14,13,12}"
8730,kafka_fdw,kafka_fdw,FDW,t,PIGSTY,kafka_fdw_$v,"{16,15,14,13,12}",PIGSTY,postgresql-$v-kafka-fdw,"{16,15,14,13,12}"
8740,hdfs_fdw,hdfs_fdw,FDW,t,PGDG,hdfs_fdw_$v*,"{17,16,15,14,13,12}",,,
8750,firebird_fdw,firebird_fdw,FDW,t,PIGSTY,firebird_fdw_$v,"{17,16,15,14,13,12}",PIGSTY,postgresql-$v-firebird-fdw,"{17,16,15,14,13,12}"
8800,aws_s3,aws_s3,FDW,t,PIGSTY,aws_s3_$v,"{17,16,15,14,13,12}",PIGSTY,postgresql-$v-aws-s3,"{17,16,15,14,13,12}"
8810,log_fdw,log_fdw,FDW,t,PIGSTY,log_fdw_$v*,"{17,16,15,14}",PIGSTY,postgresql-$v-log-fdw,"{17,16,15,14}"
8970,dblink,dblink,FDW,t,CONTRIB,postgresql$v-contrib,"{17,16,15,14,13,12}",CONTRIB,postgresql-$v,"{17,16,15,14,13,12}"
8980,file_fdw,file_fdw,FDW,t,CONTRIB,postgresql$v-contrib,"{17,16,15,14,13,12}",CONTRIB,postgresql-$v,"{17,16,15,14,13,12}"
8990,postgres_fdw,postgres_fdw,FDW,t,CONTRIB,postgresql$v-contrib,"{17,16,15,14,13,12}",CONTRIB,postgresql-$v,"{17,16,15,14,13,12}"
9000,orafce,orafce,SIM,t,PGDG,orafce_$v*,"{17,16,15,14,13,12}",PGDG,postgresql-$v-orafce,"{17,16,15,14,13,12}"
9010,pgtt,pgtt,SIM,t,PGDG,pgtt_$v*,"{17,16,15,14,13,12}",PGDG,postgresql-$v-pgtt,"{17,16,15,14,13,12}"
9020,session_variable,session_variable,SIM,t,PIGSTY,session_variable_$v*,"{17,16,15,14,13,12}",PIGSTY,postgresql-$v-session-variable,"{17,16,15,14,13,12}"
9030,pg_statement_rollback,pg_statement_rollback,SIM,t,PGDG,pg_statement_rollback_$v*,"{17,16,15,14,13,12}",PIGSTY,postgresql-$v-pg-statement-rollback,"{17,16,15,14,13,12}"
9040,pg_dbms_metadata,pg_dbms_metadata,SIM,t,PGDG,pg_dbms_metadata_$v*,"{17,16,15,14,13,12}",,,
9050,pg_dbms_lock,pg_dbms_lock,SIM,t,PGDG,pg_dbms_lock_$v*,"{17,16,15,14,13,12}",,,
9060,pg_dbms_job,pg_dbms_job,SIM,t,PGDG,pg_dbms_job_$v*,"{17,16,15,14,13,12}",,,
9100,babelfishpg_common,babelfishpg_common,SIM,t,WILTON,babelfishpg-common*,{15},WILTON,babelfishpg-common,{15}
9110,babelfishpg_tsql,babelfishpg_tsql,SIM,t,WILTON,babelfishpg-tsql*,{15},WILTON,babelfishpg-tsql,{15}
9120,babelfishpg_tds,babelfishpg_tds,SIM,t,WILTON,babelfishpg-tds*,{15},WILTON,babelfishpg-tds,{15}
9130,babelfishpg_money,babelfishpg_money,SIM,t,WILTON,babelfishpg-money*,{15},WILTON,babelfishpg-money,{15}
9200,pgmemcache,pgmemcache,SIM,t,PGDG,pgmemcache_$v*,"{17,16,15}",PGDG,postgresql-$v-pgmemcache,"{17,16,15,14,13,12}"
9500,pglogical,pglogical,ETL,t,PGDG,pglogical_$v*,"{17,16,15,14,13,12}",PGDG,postgresql-$v-pglogical,"{17,16,15,14,13,12}"
9501,pglogical_origin,pglogical,ETL,f,PGDG,pglogical_$v*,"{17,16,15,14,13,12}",PGDG,postgresql-$v-pglogical,"{17,16,15,14,13,12}"
9510,pglogical_ticker,pglogical_ticker,ETL,t,PIGSTY,pglogical_ticker_$v*,"{17,16,15,14,13,12}",PGDG,postgresql-$v-pglogical-ticker,"{17,16,15,14,13,12}"
9520,pgl_ddl_deploy,pgl_ddl_deploy,ETL,t,PGDG,pgl_ddl_deploy_$v*,"{17,16,15,14,13,12}",PGDG,postgresql-$v-pgl-ddl-deploy,"{17,16,15,14,13,12}"
9530,pg_failover_slots,pg_failover_slots,ETL,t,PIGSTY,pg_failover_slots_$v*,"{17,16,15,14,13,12}",PIGSTY,postgresql-$v-pg-failover-slots,"{17,16,15,14,13,12}"
9630,wal2json,wal2json,ETL,t,PGDG,wal2json_$v*,"{17,16,15,14,13,12}",PGDG,postgresql-$v-wal2json,"{17,16,15,14,13,12}"
9640,wal2mongo,wal2mongo,ETL,t,PIGSTY,wal2mongo_$v*,"{16,15,14,13}",PIGSTY,postgresql-$v-wal2mongo,"{16,15,14,13}"
9650,decoderbufs,decoderbufs,ETL,t,PGDG,postgres-decoderbufs_$v*,"{16,15,14,13,12}",PGDG,postgresql-$v-decoderbufs,"{16,15,14,13,12}"
9660,decoder_raw,decoder_raw,ETL,t,PIGSTY,decoder_raw_$v*,"{17,16,15,14,13,12}",PIGSTY,postgresql-$v-decoder-raw,"{17,16,15,14,13,12}"
9690,test_decoding,test_decoding,ETL,t,CONTRIB,postgresql$v-contrib,"{17,16,15,14,13,12}",CONTRIB,postgresql-$v,"{17,16,15,14,13,12}"
9700,mimeo,mimeo,ETL,t,PIGSTY,mimeo_$v,"{17,16,15,14,13,12}",PGDG,postgresql-$v-mimeo,"{17,16,15,14,13,12}"
9710,repmgr,repmgr,ETL,t,PGDG,repmgr_$v*,"{16,15,14,13,12}",PGDG,postgresql-$v-repmgr,"{16,15,14,13,12}"
9820,pg_fact_loader,pg_fact_loader,ETL,t,PGDG,pg_fact_loader_$v*,"{17,16,15,14,13,12}",PGDG,postgresql-$v-pg-fact-loader,"{17,16,15,14,13,12}"
9830,pg_bulkload,pg_bulkload,ETL,t,PGDG,pg_bulkload_$v*,"{16,15,14,13,12}",PIGSTY,postgresql-$v-pg-bulkload,"{16,15,14,13}"
